,City,Country,Date,Latitude,Longitude,Max Temperature,Humidity,Cloudiness,Wind Speed
0,Laguna,US,1616296325,38.421,-121.4238,54.0,50,1,2.37
1,Zhezkazgan,KZ,1616296325,47.8043,67.7144,28.56,92,92,8.93
2,Ilulissat,GL,1616296094,69.2167,-51.1,19.4,68,75,6.91
3,Constitución,CL,1616296131,-35.3333,-72.4167,55.47,79,94,5.37
4,Albany,US,1616296115,42.6001,-73.9662,42.8,36,1,5.32
5,Qaanaaq,GL,1616296117,77.484,-69.3632,-7.78,97,100,2.57
6,Bredasdorp,ZA,1616296132,-34.5322,20.0403,59.0,94,95,1.14
7,Ancud,CL,1616296326,-41.8697,-73.8203,48.99,93,0,5.75
8,Punta Arenas,CL,1616296113,-53.15,-70.9167,50.0,66,40,29.93
9,San Patricio,US,1616296152,28.017,-97.5169,57.99,62,1,12.66
10,Cape Town,ZA,1616296108,-33.9258,18.4232,64.4,63,0,19.57
11,Banjar,ID,1616296326,-8.19,114.9675,87.8,66,20,12.66
12,East London,ZA,1616296119,-33.0153,27.9116,67.68,77,38,17.4
13,Castro,BR,1616296122,-24.7911,-50.0119,64.18,96,10,3.31
14,Atuona,PF,1616296105,-9.8,-139.0333,80.06,75,79,12.08
15,Acapulco de Juárez,MX,1616296248,16.8634,-99.8901,80.6,78,1,3.44
16,Dakoro,NE,1616296327,14.5106,6.765,81.93,11,77,8.9
17,Ucluelet,CA,1616296327,48.9329,-125.5528,44.01,70,100,4.0
18,Ushuaia,AR,1616295902,-54.8,-68.3,48.2,71,75,28.77
19,Itarema,BR,1616296328,-2.9248,-39.9167,75.56,84,19,5.03
20,Flinders,AU,1616296150,-34.5833,150.8552,69.01,92,100,7.0
21,Sambava,MG,1616296328,-14.2667,50.1667,74.93,87,90,7.9
22,Ashland,US,1616296328,40.8167,-82.2665,39.2,56,1,4.61
23,Waipawa,NZ,1616296165,-41.4122,175.5153,66.0,63,62,14.97
24,Faxe Ladeplads,DK,1616296329,55.2198,12.1701,42.8,87,90,16.11
25,Flin Flon,CA,1616296329,54.7682,-101.865,34.9,87,68,3.67
26,Caravelas,BR,1616296329,-17.7125,-39.2481,75.25,90,69,5.91
27,Bengkulu,ID,1616296078,-3.8004,102.2655,86.05,61,77,1.66
28,Saint-Philippe,RE,1616296106,-21.3585,55.7679,77.0,78,0,4.61
29,Kautokeino,NO,1616296330,69.0125,23.0412,20.28,83,97,14.05
30,Husavik,IS,1616296107,66.0449,-17.3389,42.8,61,75,24.16
31,Longyearbyen,SJ,1616296330,78.2186,15.6401,15.8,73,75,21.85
32,Rikitea,PF,1616296114,-23.1203,-134.9692,79.97,73,88,4.47
33,Butaritari,KI,1616296137,3.0707,172.7902,81.95,79,33,17.29
34,Arrondissement de Cambrai,FR,1616296331,50.1667,3.4167,42.01,99,99,4.0
35,Kapaa,US,1616296116,22.0752,-159.319,73.4,73,40,21.85
36,Margate,GB,1616296164,51.3813,1.3862,46.0,79,72,7.0
37,Hermanus,ZA,1616296109,-34.4187,19.2345,59.0,91,86,1.01
38,Haines Junction,CA,1616296331,60.7522,-137.5108,15.8,41,100,3.44
39,Hithadhoo,MV,1616296135,-0.6,73.0833,82.96,74,95,9.93
40,Palm Coast,US,1616296249,29.585,-81.2078,57.0,100,90,19.57
41,Tuatapere,NZ,1616296332,-46.1333,167.6833,57.99,86,89,11.01
42,Vaitape,PF,1616296332,-16.5167,-151.75,83.07,68,0,5.73
43,Kruisfontein,ZA,1616296332,-34.0033,24.7314,62.01,86,3,1.01
44,Busselton,AU,1616296121,-33.65,115.3333,91.99,29,8,4.0
45,Egvekinot,RU,1616296163,66.3167,-179.1667,-2.72,81,100,9.66
46,Bluff,NZ,1616296123,-46.6,168.3333,57.99,86,100,11.01
47,George Town,MY,1616295912,5.4112,100.3354,87.8,66,20,3.44
48,Pedernales,DO,1616296333,18.0384,-71.744,76.21,72,0,4.47
49,Provideniya,RU,1616296146,64.3833,-173.3,7.7,75,100,10.29
50,Vila Franca do Campo,PT,1616296153,37.7167,-25.4333,57.2,72,75,4.61
51,Leningradskiy,RU,1616296127,69.3833,178.4167,-8.05,90,100,4.16
52,Mataura,NZ,1616296113,-46.1927,168.8643,57.99,86,100,11.01
53,La Ronge,CA,1616296162,55.1001,-105.2842,42.8,42,4,4.61
54,Boyuibe,BO,1616296333,-20.4167,-63.2833,67.75,87,14,2.06
55,Nikolskoye,RU,1616296154,59.7035,30.7861,28.99,93,90,8.95
56,Isangel,VU,1616296133,-19.55,169.2667,81.14,73,98,12.41
57,Kabala,SL,1616296334,9.5833,-11.55,72.63,62,26,4.63
58,Norman Wells,CA,1616296148,65.282,-126.8329,-2.2,65,20,5.75
59,Ocós,GT,1616296334,14.5094,-92.1933,78.8,78,20,3.91
60,Avarua,CK,1616296124,-21.2078,-159.775,84.2,74,25,9.22
61,Fomboni,KM,1616296334,-12.28,43.7425,84.11,69,28,7.27
62,Uniontown,US,1616296335,39.9001,-79.7164,48.2,27,1,5.57
63,Faanui,PF,1616296108,-16.4833,-151.75,83.01,68,0,5.55
64,Khasan,RU,1616296335,42.4308,130.6434,34.32,98,100,4.38
65,Port Alfred,ZA,1616296107,-33.5906,26.891,64.9,87,12,18.03
66,Kirakira,SB,1616296335,-10.4544,161.9205,83.46,72,85,5.21
67,Lüderitz,NA,1616296116,-26.6481,15.1594,66.6,67,35,21.81
68,Geraldton,AU,1616296153,-28.7667,114.6,98.6,12,0,14.97
69,Sabha,LY,1616296336,27.0377,14.4283,72.37,11,9,11.63
70,Basco,PH,1616296162,20.4487,121.9702,78.49,79,4,20.0
71,Charleston,US,1616296206,32.7766,-79.9309,51.8,66,90,14.97
72,Yar-Sale,RU,1616296336,66.8333,70.8333,-8.75,91,100,12.48
73,Saldanha,ZA,1616296157,-33.0117,17.9442,59.0,77,0,8.05
74,Lebu,CL,1616296123,-37.6167,-73.65,55.17,84,48,10.02
75,New Norfolk,AU,1616296130,-42.7826,147.0587,73.99,47,33,4.0
76,Vihti,FI,1616296337,60.417,24.3197,35.01,88,100,10.0
77,Kavaratti,IN,1616296337,10.5669,72.642,83.05,67,0,9.08
78,Khatanga,RU,1616296116,71.9667,102.5,-28.93,94,51,8.34
79,Jamestown,US,1616296110,42.097,-79.2353,41.0,28,1,3.15
80,Zhigalovo,RU,1616296338,54.8097,105.1578,31.19,81,100,3.38
81,Tasiilaq,GL,1616296114,65.6145,-37.6368,24.8,100,90,42.57
82,Xichang,CN,1616296338,27.8964,102.2634,54.05,50,98,7.11
83,Esperantinópolis,BR,1616296338,-4.8667,-44.7083,71.89,97,94,1.57
84,San Rafael,AR,1616296146,-34.6177,-68.3301,62.22,41,0,6.8
85,Skibbereen,IE,1616296339,51.55,-9.2667,44.6,93,75,5.75
86,Necochea,AR,1616296266,-38.5473,-58.7368,61.0,82,0,4.0
87,Upernavik,GL,1616296339,72.7868,-56.1549,-8.32,99,100,11.54
88,Charters Towers,AU,1616296339,-20.1,146.2667,87.19,53,99,10.49
89,Baillif,GP,1616296339,16.0202,-61.7463,73.4,83,75,4.61
90,Bull Savanna,JM,1616296340,17.8868,-77.5902,73.4,77,38,1.5
91,Anjozorobe,MG,1616296340,-18.4,47.8667,60.8,94,75,3.44
92,Kamień Pomorski,PL,1616296340,53.9685,14.7726,37.0,93,90,8.05
93,Airai,TL,1616296125,-8.9266,125.4092,75.79,57,92,4.76
94,Severo-Kuril'sk,RU,1616296321,50.6789,156.125,25.16,78,81,19.95
95,Yellowknife,CA,1616296023,62.456,-114.3525,5.0,66,90,17.27
96,Kawalu,ID,1616296341,-7.3817,108.2082,86.92,58,18,3.02
97,Garmsār,IR,1616296341,35.2182,52.3409,52.66,43,94,8.86
98,Vaini,TO,1616296139,-21.2,-175.2,82.4,83,75,5.75
99,Dengzhou,CN,1616296342,37.8086,120.7508,39.78,44,0,25.57
100,Tuktoyaktuk,CA,1616296110,69.4541,-133.0374,-16.6,76,75,5.75
101,Dunedin,NZ,1616296342,-45.8742,170.5036,59.0,75,88,13.0
102,College,US,1616296342,64.8569,-147.8028,17.6,41,1,11.5
103,Ostrovnoy,RU,1616296153,68.0531,39.5131,16.9,91,92,8.99
104,Yangi Marg`ilon,UZ,1616296155,40.4272,71.7189,50.0,87,100,4.61
105,Barrow,US,1616296117,71.2906,-156.7887,-5.8,71,1,10.36
106,Mount Gambier,AU,1616296343,-37.8333,140.7667,71.6,60,90,8.05
107,Port Lincoln,AU,1616296343,-34.7333,135.8667,76.35,57,0,12.12
108,Aginskoye,RU,1616296343,51.1,114.53,30.29,66,5,16.93
109,Balakovo,RU,1616296343,52.0278,47.8007,15.75,90,37,3.71
110,Esso,RU,1616296344,55.9333,158.7,15.39,75,0,3.8
111,Kibala,TD,1616296344,9.1104,18.3463,82.4,54,0,4.61
112,Torata,PE,1616296344,-17.0769,-70.8433,57.7,72,27,3.06
113,São Félix do Xingu,BR,1616296345,-6.6447,-51.995,70.99,95,49,2.19
114,Islamkot,PK,1616296345,24.6997,70.177,81.36,28,0,6.69
115,Kidal,ML,1616296345,18.4411,1.4078,74.34,14,10,8.32
116,Gawler,AU,1616296345,-34.6,138.7333,86.0,36,11,3.0
117,Miracatu,BR,1616296346,-24.2814,-47.4597,72.18,99,25,0.96
118,Torbay,CA,1616296111,47.6666,-52.7314,23.0,68,40,17.27
119,Dobson,US,1616296346,36.3957,-80.7226,46.4,36,1,4.61
120,Pierre,US,1616296346,44.3683,-100.351,57.99,50,1,13.8
121,Beidao,CN,1616296347,34.5686,105.8933,44.28,22,100,3.85
122,Guadalupe y Calvo,MX,1616296347,26.1,-106.9667,46.13,23,0,2.3
123,Scotts Valley,US,1616296182,37.0511,-122.0147,52.0,72,0,1.99
124,Bang Saphan,TH,1616296347,11.2126,99.5117,89.6,66,48,1.14
125,Nantucket,US,1616296347,41.2835,-70.0995,36.0,75,0,13.15
126,Niquelândia,BR,1616296348,-14.4739,-48.4597,68.23,90,0,3.38
127,Bethel,US,1616295957,41.3712,-73.414,39.0,60,1,3.44
128,Kenai,US,1616296348,60.5544,-151.2583,24.01,53,40,20.71
129,Forrest City,US,1616296348,35.0081,-90.7898,53.6,66,1,5.95
130,Khāsh,IR,1616296349,28.2211,61.2158,58.57,29,0,5.95
131,Stawell,AU,1616296349,-37.05,142.7667,64.47,81,100,11.65
132,Orange Cove,US,1616296349,36.6244,-119.3137,54.0,54,20,8.05
133,Muros,ES,1616296350,42.7762,-9.0603,46.99,54,0,14.67
134,Natchitoches,US,1616296350,31.7668,-93.1335,42.8,100,1,3.71
135,Arraial do Cabo,BR,1616296108,-22.9661,-42.0278,76.8,86,0,15.86
136,Adrar,MR,1616296144,20.5022,-10.0711,66.11,14,0,13.6
137,Mikkeli,FI,1616296350,61.6886,27.2723,35.6,93,90,9.62
138,Ilebo,CD,1616296351,-4.3167,20.5833,70.74,97,100,2.26
139,Igrim,RU,1616296351,63.1906,64.4162,-3.55,96,100,7.7
140,Paka,MY,1616296088,4.6374,103.4368,82.4,83,40,3.44
141,Capinota,BO,1616296351,-17.7167,-66.2333,62.6,72,75,11.5
142,Iqaluit,CA,1616296138,63.7506,-68.5145,-14.01,70,1,12.66
143,Micheweni,TZ,1616296352,-4.9667,39.8333,79.32,78,8,2.53
144,Nhulunbuy,AU,1616296352,-12.2333,136.7667,86.0,74,75,13.8
145,Litovko,RU,1616296352,49.2361,135.1742,30.54,98,100,7.52
146,Eldorado,BR,1616296352,-23.7869,-54.2836,73.08,90,19,4.74
147,Middelburg,ZA,1616296353,-25.7751,29.4648,61.52,69,92,3.31
148,Dudinka,RU,1616296148,69.4058,86.1778,-16.42,69,64,9.22
149,Carnarvon,AU,1616296138,-24.8667,113.6333,93.2,22,0,6.91
150,Zhigansk,RU,1616296353,66.7697,123.3711,17.11,89,100,16.51
151,Chaiyaphum,TH,1616296353,15.75,102.0,95.58,34,7,10.85
152,Sohāgpur,IN,1616296354,22.7,78.2,83.21,28,0,3.04
153,Fort Nelson,CA,1616296354,58.8053,-122.7002,17.6,57,75,6.91
154,Saint Paul Harbor,US,1616296114,57.79,-152.4072,35.6,80,90,12.66
155,Saint-Augustin,CA,1616296354,51.226,-58.6502,11.66,90,11,7.74
156,Alekseyevsk,RU,1616296355,57.8406,108.3492,7.74,93,100,6.4
157,San Policarpo,PH,1616296355,12.1791,125.5072,82.0,83,93,12.41
158,Dvinskoy Bereznik,RU,1616296355,62.8551,42.7072,15.62,94,94,8.05
159,Cap-aux-Meules,CA,1616296355,47.3821,-61.8597,24.8,86,44,3.44
160,Coquimbo,CL,1616296356,-29.9533,-71.3436,59.0,82,0,1.14
161,Flagstaff,US,1616296356,35.1981,-111.6513,50.0,49,90,12.66
162,Szczytno,PL,1616296356,53.5626,20.9875,28.4,80,75,13.8
163,Hofn,IS,1616296356,64.2539,-15.2082,41.07,75,100,16.11
164,Alice Springs,AU,1616296336,-23.7,133.8833,66.2,94,90,8.05
165,Betanzos,ES,1616296357,43.2804,-8.2147,46.99,65,0,2.3
166,Udachny,RU,1616296121,66.4167,112.4,-20.74,91,100,29.33
167,Hobart,AU,1616296106,-42.8794,147.3294,73.99,46,40,14.97
168,Fortuna,US,1616296097,40.5982,-124.1573,48.0,81,1,9.22
169,Port Augusta,AU,1616296357,-32.5,137.7667,82.0,50,99,6.91
170,Chake Chake,TZ,1616296358,-5.2459,39.7666,76.51,82,8,0.27
171,Chui,UY,1616296166,-33.6971,-53.4616,69.04,97,100,5.59
172,Ribeira Grande,PT,1616296155,38.5167,-28.7,59.07,79,100,17.2
173,Hobyo,SO,1616296134,5.3505,48.5268,79.12,74,54,14.47
174,Hilo,US,1616296349,19.7297,-155.09,71.6,78,90,4.61
175,Victor Harbor,AU,1616296358,-35.5667,138.6167,80.01,59,8,8.21
176,Mar del Plata,AR,1616296110,-38.0023,-57.5575,62.6,94,0,5.75
177,Lompoc,US,1616296070,34.6391,-120.4579,51.8,71,1,10.36
178,Louis Trichardt,ZA,1616296359,-23.0439,29.9032,65.39,85,72,1.7
179,Katsuura,JP,1616296359,35.1333,140.3,64.99,94,75,14.97
180,Širvintos,LT,1616296359,55.05,24.95,26.01,93,90,17.27
181,Dakar,SN,1616296325,14.6937,-17.4441,66.2,94,0,11.5
182,Tiksi,RU,1616296142,71.6872,128.8694,-14.31,97,100,12.01
183,Port Pirie,AU,1616296205,-33.1833,138.0167,80.6,50,88,6.91
184,Gamba,GA,1616296360,-2.65,10.0,74.37,87,100,7.4
185,Ponta do Sol,PT,1616296141,32.6667,-17.1,55.99,55,67,8.01
186,Thompson,CA,1616295970,55.7435,-97.8558,41.0,48,75,2.04
187,Srednekolymsk,RU,1616296360,67.45,153.6833,3.96,73,0,4.52
188,Smithers,CA,1616296262,54.7804,-127.1743,33.8,51,90,3.44
189,Barsovo,RU,1616296360,61.1667,73.1667,24.8,100,40,5.5
190,Korla,CN,1616296361,41.7597,86.1469,43.05,41,17,5.41
191,Puerto Escondido,MX,1616296361,15.85,-97.0667,77.67,79,16,6.02
192,Puerto Ayora,EC,1616296126,-0.7393,-90.3518,78.01,91,61,3.0
193,Ébolowa,CM,1616296361,2.9,11.15,66.67,98,100,1.07
194,Porbandar,IN,1616296362,21.6422,69.6093,75.2,78,0,6.91
195,Kavieng,PG,1616296362,-2.5744,150.7967,84.24,74,100,8.68
196,Sarankhola,BD,1616296362,22.3082,89.7897,92.16,30,72,4.21
197,Dubbo,AU,1616296363,-32.25,148.6167,68.0,100,90,14.97
198,Harper,LR,1616296148,4.375,-7.7169,78.03,87,100,5.48
199,Jiangyou,CN,1616296363,31.7667,104.7167,57.18,48,100,4.18
200,Goundam,ML,1616296363,16.4145,-3.6708,77.2,13,53,8.95
201,Sunrise Manor,US,1616296363,36.2111,-115.0731,66.2,7,1,12.66
202,Cabedelo,BR,1616296276,-6.9811,-34.8339,77.0,88,20,3.44
203,Waycross,US,1616296364,31.2136,-82.354,50.0,100,90,11.5
204,Bambous Virieux,MU,1616296131,-20.3428,57.7575,80.01,89,40,10.36
205,Anadyr,RU,1616296117,64.75,177.4833,-5.8,77,0,13.42
206,Mossamedes,AO,1616296119,-15.1961,12.1522,72.36,79,64,3.15
207,Gijang,KR,1616296364,35.2442,129.2139,57.2,44,40,16.11
208,Kahului,US,1616296202,20.8947,-156.47,73.4,88,40,16.11
209,Alyangula,AU,1616296365,-13.8483,136.4192,83.75,76,98,9.08
210,Poum,NC,1616296365,-20.2333,164.0167,79.74,74,24,10.07
211,Aksarayskiy,RU,1616296365,46.7924,48.0119,35.6,93,90,4.47
212,Tarko-Sale,RU,1616296366,64.9225,77.785,5.04,94,100,21.52
213,Caibarién,CU,1616296366,22.5206,-79.4669,68.0,83,20,2.3
214,Terråk,NO,1616296366,65.087,12.3715,33.8,64,40,18.41
215,Krasnyy Chikoy,RU,1616296366,50.3643,108.7512,28.69,70,0,4.27
216,Caxito,AO,1616296367,-8.5785,13.6643,80.6,83,75,4.61
217,Santiago de Chuco,PE,1616296367,-8.15,-78.1833,48.15,87,100,0.81
218,Avera,US,1616296367,33.194,-82.5271,51.8,54,90,11.5
219,Coahuayana Viejo,MX,1616296164,18.7333,-103.6833,70.18,76,0,1.66
220,Dikson,RU,1616296126,73.5069,80.5464,-20.38,77,18,15.57
221,Ust-Nera,RU,1616296368,64.5667,143.2,4.93,90,99,4.41
222,Shizunai-furukawachō,JP,1616296368,42.3339,142.3669,37.35,82,100,13.38
223,Atar,MR,1616296368,20.5169,-13.0499,66.47,17,0,10.0
224,Hong Kong,HK,1616295963,22.2855,114.1577,73.99,75,97,1.99
225,Bayir,TR,1616296369,37.2687,28.2167,48.2,93,0,1.14
226,Biloela,AU,1616296369,-24.4167,150.5,86.56,57,99,12.59
227,Puerto Quijarro,BO,1616296369,-17.7833,-57.7667,73.51,96,99,1.14
228,Vao,NC,1616296149,-22.6667,167.4833,76.32,75,5,16.82
229,Magán,ES,1616296370,39.9683,-3.931,35.6,55,0,2.3
230,Maniitsoq,GL,1616296369,65.4167,-52.9,23.74,78,98,7.65
231,Karratha,AU,1616296371,-20.7377,116.8463,85.14,41,0,17.56
232,Nidzica,PL,1616296372,53.3605,20.4275,28.4,80,75,13.8
233,Nanortalik,GL,1616296135,60.1432,-45.2371,29.55,87,100,24.09
234,Parakan,ID,1616296372,-6.4191,106.0081,89.01,66,36,5.7
235,Bonthe,SL,1616296372,7.5264,-12.505,76.3,79,2,5.08
236,Maţāy,EG,1616296372,28.419,30.7792,69.4,29,4,1.77
237,Stornoway,GB,1616296373,58.2093,-6.3865,44.01,87,90,4.61
238,Sibolga,ID,1616296118,1.7427,98.7792,85.91,63,100,1.74
239,Saint Anthony,US,1616296115,45.0205,-93.218,52.0,40,1,18.41
240,Beringovskiy,RU,1616296137,63.05,179.3167,1.51,90,100,11.5
241,Cidreira,BR,1616296373,-30.1811,-50.2056,76.86,88,38,15.57
242,Camacha,PT,1616296373,33.0833,-16.3333,59.0,67,75,8.05
243,Hasaki,JP,1616296358,35.7333,140.8333,64.4,94,75,18.41
244,Olafsvik,IS,1616296374,64.8945,-23.7142,41.67,81,100,30.11
245,Hualmay,PE,1616296374,-11.0964,-77.6139,71.37,76,98,7.81
246,Bolotnoye,RU,1616296374,55.6717,84.3981,32.18,94,100,18.77
247,Forsytheganj,BY,1616296375,52.6333,29.7333,26.96,59,99,11.97
248,Saskylakh,RU,1616296150,71.9167,114.0833,-30.78,94,53,8.41
249,Harlingen,US,1616296375,26.1906,-97.6961,62.01,82,1,10.36
250,Liwale,TZ,1616296375,-9.7667,37.9333,67.64,98,10,0.6
251,Laas,IT,1616296376,46.6166,10.7002,30.0,79,0,10.36
252,Metetí,PA,1616296376,8.4983,-77.9786,73.47,89,100,3.47
253,São João da Barra,BR,1616296335,-21.6403,-41.0511,75.65,86,0,8.99
254,Kloulklubed,PW,1616296376,7.0419,134.2556,87.8,66,75,13.8
255,Supe,PE,1616296377,-10.8,-77.7333,70.57,80,100,5.61
256,Te Anau,NZ,1616296315,-45.4167,167.7167,63.72,61,13,2.26
257,Lata,PT,1616296377,40.1629,-8.3327,50.0,87,0,6.91
258,Oriximiná,BR,1616296160,-1.7656,-55.8661,75.42,90,69,2.15
259,Clyde River,CA,1616296334,70.4692,-68.5914,-25.6,75,1,3.44
260,Aksarka,RU,1616296377,66.5606,67.7975,-13.36,93,100,11.45
261,Aykhal,RU,1616296378,66.0,111.5,-27.92,97,100,36.1
262,Departamento de Maldonado,UY,1616296378,-34.6667,-54.9167,68.0,94,75,13.8
263,Tocopilla,CL,1616296378,-22.092,-70.1979,67.51,80,4,7.83
264,Kaputa,ZM,1616296378,-8.4689,29.6619,65.95,88,2,1.19
265,Mahébourg,MU,1616296106,-20.4081,57.7,78.8,89,40,10.36
266,Inhambane,MZ,1616296161,-23.865,35.3833,69.8,100,75,6.91
267,Tezu,IN,1616296379,27.9167,96.1667,93.0,21,90,0.83
268,Luleå,SE,1616296379,65.5842,22.1547,33.8,80,90,28.77
269,Løding,NO,1616296379,67.3,14.75,30.99,74,75,18.41
270,Punta Alta,AR,1616296380,-38.8759,-62.0736,63.39,62,0,9.24
271,Aksu,CN,1616296380,41.1231,80.2644,44.71,34,66,3.04
272,São Gabriel da Cachoeira,BR,1616296380,-0.1303,-67.0892,73.47,94,91,1.28
273,Badiraguato,MX,1616296380,25.3667,-107.5167,71.6,49,1,2.59
274,Ambatofinandrahana,MG,1616296381,-20.55,46.8,58.82,96,3,2.26
275,Xam Nua,LA,1616296381,20.4197,104.0439,74.01,77,98,3.62
276,Asău,RO,1616296381,46.4333,26.4,28.99,66,75,1.61
277,Tonstad,NO,1616296382,58.6626,6.7169,37.99,78,71,14.0
278,Lucapa,AO,1616296382,-8.4192,20.7447,66.56,94,100,2.21
279,Sakaiminato,JP,1616296145,35.55,133.2333,51.8,93,75,8.05
280,Lagoa,PT,1616296382,39.05,-27.9833,57.7,76,100,13.6
281,Sirmaur,IN,1616296383,24.85,81.3833,84.72,21,0,5.03
282,Kendal,GB,1616296383,54.3268,-2.7476,42.01,97,78,3.58
283,Kumul,CN,1616296383,42.8,93.45,45.86,11,0,6.55
284,Guerrero Negro,MX,1616296121,27.9769,-114.0611,61.81,75,0,16.91
285,Tommot,RU,1616296384,58.9564,126.2925,24.8,77,100,11.88
286,Ahipara,NZ,1616296156,-35.1667,173.1667,67.93,58,84,7.36
287,Grand Gaube,MU,1616296384,-20.0064,57.6608,81.0,82,3,5.99
288,Raudeberg,NO,1616296384,61.9875,5.1352,35.01,87,100,18.01
289,Sungai Penuh,ID,1616296384,-2.0833,101.3833,79.2,62,65,1.5
290,Chokurdakh,RU,1616296122,70.6333,147.9167,-8.41,92,4,4.74
291,Samarai,PG,1616296385,-10.6167,150.6667,84.54,74,97,10.54
292,Boyolangu,ID,1616296115,-8.1181,111.8935,85.69,65,1,5.86
293,Narsaq,GL,1616296385,60.9167,-46.05,30.2,93,90,14.97
294,Cayenne,GF,1616296348,4.9333,-52.3333,79.0,94,20,7.45
295,Eyl,SO,1616296385,7.9803,49.8164,73.18,86,21,8.66
296,Rome,US,1616296337,43.2128,-75.4557,28.99,74,1,0.51
297,Taiyuan,CN,1616296386,37.8694,112.5603,37.4,22,0,4.47
298,Saint-Pierre,RE,1616296386,-21.3393,55.4781,77.0,78,0,6.91
299,Marsh Harbour,BS,1616296386,26.5412,-77.0636,74.46,75,7,6.82
300,Alakurtti,RU,1616296387,66.9672,30.3491,26.01,91,100,4.0
301,Tumut,AU,1616296387,-35.3,148.2167,68.0,73,90,25.32
302,Terra Santa,BR,1616296271,-2.1042,-56.4869,75.94,92,95,2.17
303,Ulaangom,MN,1616296387,49.9811,92.0667,11.97,88,81,3.06
304,Chongwe,ZM,1616296387,-15.3292,28.682,60.8,100,0,2.3
305,Norrtälje,SE,1616296388,59.758,18.705,37.4,52,0,17.27
306,São Paulo de Olivença,BR,1616296273,-3.3783,-68.8725,71.92,92,93,1.59
307,San Luis Obispo,US,1616296388,35.3666,-120.5343,52.0,81,1,13.8
308,Tabatinga,BR,1616296388,-4.2525,-69.9381,75.2,100,20,3.44
309,Carberry,CA,1616296389,49.8689,-99.3602,48.2,61,90,8.05
310,Minuri,PH,1616296389,16.535,121.8574,84.31,76,34,0.96
311,Novonikolayevskaya,RU,1616296389,45.5892,38.3689,35.01,90,94,1.99
312,Presidencia Roque Sáenz Peña,AR,1616296390,-26.7852,-60.4388,68.0,96,62,1.99
313,Powell River,CA,1616296331,49.8496,-124.5361,44.6,65,90,11.5
314,Biak,ID,1616296390,-0.9131,122.8766,85.01,66,91,2.21
315,Port Hueneme,US,1616296206,34.1478,-119.1951,57.2,76,1,18.41
316,Gao,ML,1616296323,16.6362,1.637,76.1,19,92,4.74
317,Kalmunai,LK,1616296390,7.4167,81.8167,81.73,75,56,2.19
318,Melbourne,US,1616296391,28.0836,-80.6081,57.2,88,90,13.8
319,Touros,BR,1616296391,-5.1989,-35.4608,75.2,88,20,3.44
320,Yeppoon,AU,1616296391,-23.1333,150.7333,86.0,62,75,12.66
321,Cockburn Town,TC,1616296392,21.4612,-71.1419,76.5,80,0,20.13
322,Bahía Blanca,AR,1616296351,-38.7196,-62.2724,62.19,61,0,5.61
323,Aragarças,BR,1616296392,-15.8975,-52.2508,71.8,91,3,1.74
324,Lázaro Cárdenas,MX,1616296392,17.9583,-102.2,74.89,75,0,4.85
325,La Ciotat,FR,1616296393,43.1748,5.6045,41.0,80,0,8.05
326,Port Hedland,AU,1616296393,-20.3167,118.5667,82.4,51,40,14.97
327,Lamont,US,1616296393,35.2597,-118.9143,57.0,51,0,5.01
328,Taitung City,TW,1616296393,22.7583,121.1444,78.8,69,75,14.97
329,Padang,ID,1616296394,-0.9492,100.3543,86.0,70,20,3.44
330,Trat,TH,1616296394,12.5,102.5,90.0,79,20,2.3
331,Saurimo,AO,1616296394,-9.6608,20.3916,64.36,91,99,2.8
332,Souillac,MU,1616296394,-20.5167,57.5167,78.8,89,40,10.36
333,Alta Floresta,BR,1616296395,-9.8756,-56.0861,71.37,96,100,2.44
334,Pevek,RU,1616296395,69.7008,170.3133,-18.98,92,6,1.66
335,Klaksvík,FO,1616296112,62.2266,-6.589,42.8,75,75,18.41
336,Opuwo,NA,1616296395,-18.0607,13.84,67.51,89,99,1.16
337,Ruma,RS,1616296396,45.0081,19.8222,33.01,93,0,4.61
338,Altay,CN,1616296396,47.8667,88.1167,34.09,42,66,1.66
339,Fairbanks,US,1616296144,64.8378,-147.7164,18.0,41,1,11.5
340,Cherskiy,RU,1616296109,68.75,161.3,-6.11,80,0,4.29
341,Malanje,AO,1616296109,-9.5402,16.341,65.68,96,100,3.13
342,Alofi,NU,1616296132,-19.0595,-169.9187,77.0,83,100,8.05
343,Road Town,VG,1616296396,18.4167,-64.6167,75.99,86,0,8.01
344,Troy,US,1616296257,42.6056,-83.1499,41.0,33,1,5.12
345,Gáldar,ES,1616296397,28.147,-15.6502,64.0,72,90,23.02
346,Brae,GB,1616296397,60.3964,-1.353,41.0,81,90,4.61
347,Ngaoundéré,CM,1616296397,7.3167,13.5833,66.65,89,100,3.58
348,Townsville,AU,1616296244,-19.25,146.8,89.6,66,40,12.66
349,Newcastleton,GB,1616296398,55.1796,-2.8127,39.2,93,20,2.3
350,Baykit,RU,1616296132,61.67,96.37,-10.23,92,100,9.66
351,Manadhoo,MV,1616296398,5.7667,73.3833,83.19,70,56,8.55
352,Comodoro Rivadavia,AR,1616296398,-45.8667,-67.5,51.8,82,0,10.67
353,Peabiru,BR,1616296399,-23.9128,-52.3431,69.6,95,35,3.02
354,Härnösand,SE,1616296399,62.6323,17.9379,35.6,55,0,27.63
355,Surin,TH,1616296399,14.8818,103.4936,96.01,52,82,10.49
356,Namatanai,PG,1616296111,-3.6667,152.4333,86.76,63,88,7.81
357,Jieshi,CN,1616296119,22.8134,115.8257,68.0,73,98,3.0
358,Belmonte,BR,1616296400,-15.8631,-38.8828,73.4,94,75,3.44
359,Naze,JP,1616296127,28.3667,129.4833,66.2,82,75,4.61
360,Jalu,LY,1616296400,29.0331,21.5482,75.09,15,96,9.71
361,St. George's,GD,1616296400,12.0564,-61.7485,77.0,83,20,6.91
362,Huejuquilla el Alto,MX,1616296401,22.6,-103.8667,54.36,32,0,4.41
363,Kamenka,RU,1616296380,51.3223,42.7678,18.93,95,92,4.74
364,Mumford,GH,1616296401,5.2618,-0.759,79.27,83,100,6.91
365,Sarangani,PH,1616296401,5.4033,125.4636,83.75,74,100,18.23
366,Yatou,CN,1616296402,37.15,122.3833,42.85,37,0,23.82
367,Kilindoni,TZ,1616296402,-7.9139,39.6668,81.46,73,14,3.24
368,Whitehorse,CA,1616296402,60.7161,-135.0538,21.2,49,75,8.05
369,Port Elizabeth,ZA,1616296126,-33.918,25.5701,64.4,82,40,16.11
370,Yaan,NG,1616296402,7.3833,8.5667,76.28,76,88,4.43
371,Montepuez,MZ,1616296403,-13.1256,38.9997,67.86,98,14,2.28
372,Little Current,CA,1616296403,45.9793,-81.9248,35.6,69,0,3.44
373,Itoman,JP,1616296403,26.1247,127.6694,69.8,78,75,18.41
374,Sitka,US,1616296123,57.0531,-135.33,37.4,65,90,17.27
375,Qena,EG,1616296404,26.1615,32.7183,69.8,32,0,3.09
376,Merauke,ID,1616296404,-8.4667,140.3333,85.73,70,65,7.76
377,Kutum,SD,1616296404,14.2,24.6667,67.64,22,0,8.57
378,La Santisima Trinidad,BO,1616296123,-14.8333,-64.9,72.81,97,100,2.33
379,Lashio,MM,1616296405,22.9333,97.75,85.95,20,62,2.26
380,‘Ewa Beach,US,1616296305,21.3156,-158.0072,78.8,57,20,10.36
381,New Waterford,US,1616296405,40.8451,-80.6145,48.2,27,1,4.36
382,Ierapetra,GR,1616296405,35.01,25.7353,59.0,78,0,3.8
383,Kiunga,PG,1616296406,-6.1219,141.2906,79.63,77,100,5.73
384,Homer,US,1616296151,59.6425,-151.5483,28.4,69,90,13.8
385,Hargeisa,SO,1616296165,9.56,44.065,60.75,47,0,8.3
386,Schruns,AT,1616296406,47.0709,9.9475,19.99,100,55,3.36
387,Sola,VU,1616296407,-13.8833,167.55,81.95,70,100,8.32
388,Tiarei,PF,1616296322,-17.5333,-149.3333,86.0,70,20,12.66
389,Mlonggo,ID,1616296407,-6.5333,110.7,86.0,74,20,6.91
390,Nuoro,IT,1616296407,40.3211,9.3297,48.2,53,75,36.82
391,Tan An,VN,1616296408,10.5333,106.4167,87.8,62,40,5.75
392,Antofagasta,CL,1616296408,-23.65,-70.4,62.6,82,20,5.75
393,Paamiut,GL,1616296408,61.994,-49.6678,23.58,91,100,26.19
394,Correntina,BR,1616296408,-13.3433,-44.6367,68.09,87,15,3.51
395,Pacific Grove,US,1616296409,36.6177,-121.9166,51.01,80,16,5.99
396,Bereda,ES,1616296409,43.2686,-7.5406,32.0,79,0,6.78
397,Chapais,CA,1616296409,49.7834,-74.8492,37.4,48,1,6.91
398,Esperance,AU,1616296266,-33.8667,121.9,78.8,44,0,9.22
399,Cabo San Lucas,MX,1616295871,22.8909,-109.9124,75.2,23,1,8.52
400,Dicabisagan,PH,1616296410,17.0818,122.4157,82.98,75,59,5.26
401,Okha,RU,1616296410,53.5739,142.9478,27.88,77,100,16.44
402,Nānākuli,US,1616296410,21.3906,-158.1547,78.8,57,20,10.36
403,Paoua,CF,1616296410,7.2427,16.4406,74.61,68,100,5.53
404,Ashington,GB,1616296411,50.9331,-0.3909,46.0,17,41,5.99
405,Graham,US,1616296199,47.0529,-122.2943,45.0,61,90,8.05
406,Nuuk,GL,1616296269,64.1835,-51.7216,28.4,86,90,3.24
407,Mehamn,NO,1616296411,71.0357,27.8492,30.54,74,100,19.64
408,The Valley,AI,1616296363,18.217,-63.0578,77.0,73,20,12.66
409,Doha,QA,1616296306,25.2867,51.5333,69.8,46,0,10.36
410,Hamilton,US,1616296412,39.1834,-84.5333,46.0,70,1,3.44
411,Ubari,LY,1616296412,26.5921,12.7805,69.26,10,0,14.65
412,Vila Velha,BR,1616295885,-20.3297,-40.2925,81.0,88,75,4.61
413,Bongandanga,CD,1616296412,1.5,21.05,70.25,98,100,2.15
414,Keti Bandar,PK,1616296413,24.1447,67.4497,78.19,72,0,11.14
415,São Filipe,CV,1616296135,14.8961,-24.4956,70.7,71,96,5.19
416,Lenger,KZ,1616296413,42.183,69.8839,44.6,100,90,4.47
417,Ondjiva,AO,1616296413,-17.0667,15.7333,68.65,84,99,3.42
418,Innisfail,AU,1616296413,-17.5333,146.0333,83.07,76,99,5.88
419,Aklavik,CA,1616296352,68.2191,-135.0107,-4.0,59,42,4.61
420,Yenotayevka,RU,1616296414,47.2456,47.0281,32.02,98,100,5.14
421,Nouadhibou,MR,1616296403,20.931,-17.0347,60.8,72,98,21.85
422,Teahupoo,PF,1616296414,-17.8333,-149.2667,86.0,70,20,12.66
423,Mumbwa,ZM,1616296414,-14.9783,27.0619,61.25,97,4,3.94
424,Yicheng,CN,1616296415,31.3705,119.8703,50.0,87,99,5.01
425,Alihe,CN,1616296415,50.5667,123.7167,30.6,53,0,5.84
426,Byron Bay,AU,1616296226,-28.65,153.6167,72.0,94,90,16.11
427,Batemans Bay,AU,1616296415,-35.7167,150.1833,61.0,95,100,1.01
428,Devonport,AU,1616296416,-41.1667,146.35,72.0,55,62,4.0
429,Kampene,CD,1616296416,-3.6,26.6667,67.26,97,88,0.25
430,Amuntai,ID,1616296416,-2.4177,115.2494,90.9,62,75,1.83
431,Séguéla,CI,1616296417,7.9611,-6.6731,74.91,77,60,5.37
432,Ngorongoro,TZ,1616296417,-3.2397,35.4875,51.13,95,49,5.55
433,Caraúbas,BR,1616296417,-5.7925,-37.5567,75.07,80,40,5.75
434,Talnakh,RU,1616296129,69.4865,88.3972,-18.17,68,17,7.49
435,Podgornoye,RU,1616296417,51.735,39.1496,28.4,100,90,2.24
436,Russell,US,1616296418,32.3502,-85.1999,51.8,37,1,3.44
437,Linda,US,1616296418,39.1277,-121.5508,55.4,41,1,3.44
438,Moerai,PF,1616296418,-22.4333,-151.3333,78.93,68,30,9.71
439,Phan Thiet,VN,1616296419,10.9333,108.1,86.11,60,55,8.63
440,Dawson Creek,CA,1616296419,55.7666,-120.2362,24.8,58,20,4.61
441,Isperih,BG,1616296419,43.7167,26.8333,37.99,76,100,4.0
442,Evensk,RU,1616296419,61.95,159.2333,-1.66,64,3,1.66
443,Dobrinka,RU,1616296420,52.1653,40.4731,19.72,93,81,4.09
444,Nouakchott,MR,1616296420,18.0858,-15.9785,66.2,82,62,12.66
445,Jardim,BR,1616296375,-21.4803,-56.1381,72.45,95,24,2.66
446,Olinda,BR,1616296420,-8.0089,-34.8553,77.0,73,40,5.75
447,Otacílio Costa,BR,1616296421,-27.4831,-50.1219,66.52,96,96,4.21
448,Saint George,US,1616296128,37.1041,-113.5841,59.0,36,1,20.71
449,Mahanoro,MG,1616296421,-19.9,48.8,73.78,90,39,6.62
450,Lorengau,PG,1616296118,-2.0226,147.2712,86.04,68,93,6.24
451,Codrington,AU,1616296139,-38.2667,141.9667,65.98,82,100,8.63
452,Yumen,CN,1616296120,40.2833,97.2,34.66,22,0,10.2
453,Rio Grande,BR,1616296086,-32.035,-52.0986,71.01,97,100,3.0
454,Yulara,AU,1616296422,-25.2406,130.9889,66.2,94,75,10.36
455,Verkhnyaya Sinyachikha,RU,1616296422,57.976,61.6673,11.68,96,96,4.88
456,Tūkrah,LY,1616296422,32.5341,20.5791,67.91,38,0,11.86
457,Coldwater,US,1616296163,41.9403,-85.0005,39.0,60,1,7.27
458,Cairns,AU,1616296330,-16.9167,145.7667,89.01,58,96,8.05
459,Kresek,ID,1616296423,-6.1314,106.3797,89.01,66,40,9.22
460,Brigantine,US,1616296423,39.4101,-74.3646,39.0,75,1,5.7
461,Nortelândia,BR,1616296423,-14.4547,-56.8028,71.69,96,83,2.55
462,Pūrna,IN,1616296206,19.1833,77.05,82.06,30,33,5.1
463,Pitimbu,BR,1616296423,-7.4706,-34.8086,77.0,88,20,3.44
464,Beihai,CN,1616296424,21.4833,109.1,62.73,72,100,25.01
465,Bismarck,US,1616296134,46.8083,-100.7837,51.8,40,1,10.36
466,Jumla,NP,1616296424,29.2747,82.1838,55.24,43,0,0.51
467,Omsukchan,RU,1616296424,62.5333,155.8,5.77,64,0,3.6
468,Fuyu,CN,1616296425,45.1833,124.8167,36.23,54,52,15.21
469,Redlands,US,1616296344,34.0556,-117.1825,60.8,44,40,11.5
470,Talara,PE,1616296425,-4.5772,-81.2719,75.24,81,32,8.37
471,Cam Ranh,VN,1616296425,11.9214,109.1591,84.2,74,20,6.91
472,El Seibo,DO,1616296426,18.7641,-69.0375,69.8,100,20,6.89
473,Karlstad,SE,1616296426,59.3793,13.5036,37.4,48,0,11.5
474,Marrakesh,MA,1616296426,31.6315,-8.0083,46.4,81,75,3.44
475,Imperial,US,1616296426,33.0334,-115.4175,69.8,32,1,21.85
476,Moose Factory,CA,1616296304,51.2585,-80.6094,42.8,42,1,8.05
477,Faya,SA,1616296427,18.3851,42.4509,59.0,40,0,3.6
478,Ust-Tsilma,RU,1616296427,65.441,52.1498,4.6,95,99,4.85
479,Vardø,NO,1616296427,70.3705,31.1107,30.69,88,87,14.74
480,Biaora,IN,1616296428,23.8667,76.9167,81.52,30,0,6.13
481,Carlyle,US,1616296428,38.6103,-89.3726,50.0,65,0,1.99
482,Mbandaka,CD,1616296428,0.0487,18.2603,70.0,96,100,5.48
483,Mwene-Ditu,CD,1616296428,-7.0,23.45,65.79,94,100,3.04
484,Helong,CN,1616296429,42.5397,128.9972,38.07,61,78,14.03
485,Yerbogachën,RU,1616296429,61.2767,108.0108,-19.34,83,0,5.53
486,Ilhéus,BR,1616296429,-14.7889,-39.0494,73.44,91,56,4.94
487,Bonavista,CA,1616296430,48.6499,-53.1147,23.0,79,76,9.22
488,Kichera,RU,1616296430,55.9375,110.0997,24.33,92,100,8.25
489,Havelock,US,1616296430,34.8791,-76.9013,46.99,81,90,16.11
490,Algodones,MX,1616296430,20.3888,-105.4773,72.0,88,1,3.4
491,Broken Hill,AU,1616296128,-31.95,141.4333,73.4,56,100,9.22
492,Karpathos,GR,1616296431,35.507,27.2132,59.0,88,0,17.27
493,Palma Soriano,CU,1616296431,20.2172,-75.9989,77.0,78,20,2.3
494,Salalah,OM,1616296431,17.0151,54.0924,73.4,46,0,4.61
495,Ugoofaaru,MV,1616296432,5.6667,73.0,83.16,69,51,8.12
496,Ibotirama,BR,1616296145,-12.1853,-43.2206,69.85,88,100,2.98
497,Oddur,SO,1616296432,4.1213,43.8894,75.02,78,63,17.83
498,Uzunovo,RU,1616296432,54.5386,38.6173,14.49,95,1,8.43
499,Natal,BR,1616296433,-5.795,-35.2094,78.8,83,40,6.91
500,Teya,RU,1616296433,60.3778,92.6267,25.68,92,100,5.57
501,Vlotho,DE,1616296433,52.1653,8.86,41.0,93,100,12.66
502,Sioux Lookout,CA,1616296434,50.1001,-91.917,48.2,53,20,8.05
503,Keffi,NG,1616296434,8.8486,7.8736,73.4,88,20,3.44
504,Zyryanka,RU,1616296434,65.75,150.85,4.64,76,34,9.8
505,Uptar,RU,1616296434,59.75,150.9167,6.08,77,67,4.12
506,Irati,BR,1616296297,-25.4672,-50.6511,65.21,98,32,1.7
507,Antalaha,MG,1616296435,-14.9003,50.2788,73.54,90,22,5.68
508,Chatrā,IN,1616296435,24.2167,84.8667,73.4,68,40,4.9
509,Grindavik,IS,1616296435,63.8424,-22.4338,41.0,81,90,27.63
510,Isiro,CD,1616296435,2.7739,27.616,67.66,99,100,3.36
511,Les Cayes,HT,1616296220,18.2,-73.75,73.65,80,45,3.8
512,Östersund,SE,1616296436,63.1792,14.6357,30.0,74,75,26.46
513,Kismayo,SO,1616296436,-0.3582,42.5454,78.39,82,8,10.76
514,Sur,OM,1616296436,22.5667,59.5289,82.6,35,0,3.11
515,Challapata,BO,1616296284,-18.9,-66.7667,52.77,53,97,5.7
516,Bambanglipuro,ID,1616296437,-7.95,110.2833,85.17,68,1,9.4
517,Prince Albert,CA,1616296139,53.2001,-105.7677,41.0,56,20,2.3
518,Makakilo City,US,1616296000,21.3469,-158.0858,78.8,57,20,10.36
519,Toftlund,DK,1616296437,55.1886,9.0693,39.99,81,75,20.71
520,Port Moresby,PG,1616296437,-9.4431,147.1797,89.6,70,40,11.5
521,Lucero,PH,1616296438,16.4051,119.9124,83.41,72,7,7.2
522,Palmer,US,1616296409,42.1584,-72.3287,34.0,74,1,2.48
523,Ranfurly,NZ,1616296438,-45.1333,170.1,64.0,61,29,1.74
524,Riyadh,SA,1616296266,24.6877,46.7219,62.6,29,0,2.3
525,Tres Arroyos,AR,1616296439,-38.3739,-60.2798,55.58,80,0,6.6
526,Baie-Comeau,CA,1616296439,49.2168,-68.1489,30.2,93,1,6.91
527,Vostochnyy,RU,1616296439,55.8167,37.8667,24.8,80,0,11.18
528,Deming,US,1616296439,32.2687,-107.7586,62.6,16,1,6.91
529,Kaitangata,NZ,1616296149,-46.2817,169.8464,63.0,62,100,4.0
530,Sandwich,US,1616296440,41.6459,-88.6217,45.0,52,1,5.75
531,Berlevåg,NO,1616296440,70.8578,29.0864,31.3,76,100,20.94
532,Mahibadhoo,MV,1616296440,3.7833,72.9667,82.4,69,100,6.96
533,Orlik,RU,1616296441,52.5178,99.825,20.84,66,100,4.18
534,Chiria,IN,1616296441,22.3,85.2667,88.92,21,0,3.13
535,Kuytun,RU,1616296441,54.3419,101.5036,26.62,78,100,7.52
536,Honningsvåg,NO,1616296441,70.9821,25.9704,31.91,69,100,26.75
537,Morris,US,1616296186,40.8334,-74.5329,41.0,80,1,5.21
538,Denpasar,ID,1616296223,-8.65,115.2167,87.8,66,20,12.66
539,Oktyabr'skoye,RU,1616296442,43.0645,44.7417,35.6,100,100,4.47
540,Kondoa,TZ,1616296442,-4.9,35.7833,60.46,95,61,4.5
541,Dryden,CA,1616296442,49.7833,-92.7503,50.0,46,1,14.97
542,Aitape,PG,1616296443,-3.1374,142.3475,84.72,74,96,1.48
543,Kwekwe,ZW,1616296284,-18.9281,29.8149,59.61,84,1,5.68
544,Diego de Almagro,CL,1616296443,-26.3667,-70.05,55.72,59,0,0.83
545,Verkhnevilyuysk,RU,1616296434,63.4453,120.3167,-15.99,87,100,11.43
546,High Level,CA,1616296121,58.5169,-117.136,14.0,67,75,4.61
547,Diamantino,BR,1616296443,-14.4086,-56.4461,71.98,96,67,2.77
548,Bétaré Oya,CM,1616296152,5.6,14.0833,67.98,95,100,4.97
549,Auki,SB,1616296444,-8.7676,160.7034,82.74,74,99,2.3
550,Hambantota,LK,1616296444,6.1241,81.1185,78.8,100,40,3.44
551,Labuan,MY,1616296444,5.2767,115.2417,86.0,79,40,3.44
552,Porto-Novo,BJ,1616296445,6.4965,2.6036,82.4,78,20,4.61
553,Māngrol,IN,1616296445,21.1167,70.1167,77.54,63,0,10.76
554,Huarmey,PE,1616296445,-10.0681,-78.1522,72.14,77,100,6.98
555,Dauriya,RU,1616296446,49.9333,116.8667,25.56,68,95,15.35
556,Çubuk,TR,1616296446,40.2386,33.0322,39.0,93,75,2.3
557,Bud,US,1616296446,39.447,-86.1758,46.4,42,1,3.44
558,Odesa,UA,1616296446,46.4775,30.7326,26.6,86,0,6.89
559,Verkhoyansk,RU,1616296447,67.5447,133.385,6.64,80,38,3.62
560,Saint-Joseph,RE,1616296144,-21.3667,55.6167,77.0,78,0,4.61
561,Camopi,GF,1616296447,3.1655,-52.3158,71.38,99,99,1.99
562,Falāvarjān,IR,1616296447,32.5553,51.5097,28.4,43,0,9.22
563,Goderich,CA,1616296448,43.7501,-81.7165,39.2,41,0,5.75
564,Onda,ES,1616296448,39.9667,-0.25,42.01,65,0,5.75
565,Warwick,US,1616295823,41.7001,-71.4162,39.99,64,1,4.61
566,Cessnock,AU,1616296448,-32.8333,151.35,64.99,98,100,5.01
567,Don Luan,VN,1616296448,11.5333,106.9167,85.46,63,91,3.02
568,Snyder,US,1616296449,32.7179,-100.9176,57.2,41,1,11.5
569,Rawson,AR,1616296449,-43.3002,-65.1023,57.58,69,0,8.86
570,Nizwá,OM,1616296449,22.9333,57.5333,74.25,27,0,1.83
